model,parameters,subset,hessian,prior precision,BMA test accuracy (%),BMA train accuracy (%),bayes loss,gibbs loss,bayes loss train,gibbs loss train,neg log marginal laplace,neg log marginal,normalized KL,last layer params,inverse rate,s value,variance,lambda,expected cumulant,expected norm,expanded kl
MLP-49k,49394.0,last_layer,kron,0.0099999997764825,0.4482,0.5329,1.5703077,1.5711447,1.3068694,1.3075583,1.3170446875,1.3175141007232667,0.0099558026123046,90,1.8174844319717423,49299.653505182934,1.605124592781067,199999.9,314197.0625,29.926435470581055,2464932864.0
MLP-99k,99034.0,last_layer,kron,0.0099999997764825,0.4807,0.62442,1.5417931,1.5436975,1.065211,1.0664763,1.082891875,1.084000506439209,0.0175241613769531,170,2.0375320080889083,98854.89985846877,2.267982006072998,199999.95,308651.40625,38.62607192993164,4942645248.0
MLP-199k,199082.0,last_layer,kron,0.0099999997764825,0.5051,0.73678,1.581792,1.5865237,0.77135605,0.77355903,0.803429140625,0.8050931744956971,0.031534140625,330,2.5806281773071826,198733.20199449072,3.396873950958252,199999.95,317392.3125,57.63072967529297,9936459776.0
MLP-402k,402250.0,last_layer,kron,0.0099999997764825,0.5178,0.87002,1.7995454,1.8139974,0.43797585,0.44111276,0.4951278515625,0.4978016483306884,0.0566888916015625,650,3.822139405194495,401561.0456261143,5.873174667358398,199999.95,362866.65625000006,81.19174194335938,20077647872.0
MLP-820k,820874.0,last_layer,kron,0.0099999997764825,0.5238,0.96516,2.0628242,2.115167,0.19365111,0.19714522,0.29515640625,0.2974631337738037,0.10031791015625,1290,6.216640795951817,819502.5552853261,9.160655975341797,199999.95,423825.3125000001,114.23432159423828,40974303232.0
MLP-1707k,1707274.0,last_layer,kron,0.0099999997764825,0.5463,0.99572,2.0443885,2.2448163,0.08386743,0.08875006,0.2498458203125,0.2528430061411857,0.16409294921875,2570,10.765534988942875,1704531.2431541225,11.39472484588623,199999.95,448575.25,162.29525756835938,85224849408.0
MLP-3676k,3676682.0,last_layer,kron,0.0099999997764825,0.56,0.99942,1.787882,2.369738,0.083658874,0.10630406,0.335744921875,0.3652129045987129,0.25890884765625,5130,20.726135352842416,3671175.2865308886,12.682544708251953,199999.95,474050.8125,230.65968322753906,183555080192.0
MLP-8401k,8401930.0,last_layer,kron,0.0099999997764825,0.5653,0.99982,1.4765701,2.759906,0.15957832,0.30527025,0.50798359375,0.702132012424469,0.3968617578125,10250,44.70888271504195,8390813.072279513,16.10569190979004,199999.95,550961.375,335.972900390625,419532242944.0
