model,parameters,subset,hessian,prior precision,BMA test accuracy (%),BMA train accuracy (%),bayes loss,gibbs loss,bayes loss train,gibbs loss train,neg log marginal laplace,neg log marginal,normalized KL,last layer params,inverse rate,s value,variance,lambda,expected cumulant,expected norm,expanded kl
MLP-49k,49394.0,last_layer,kron,0.1000000014901161,0.4482,0.5329,1.5703071,1.5711474,1.30687,1.3075614,1.31520078125,1.315673172454834,0.0081117749023437,90,1.5956198581471392,4926.2976340377945,1.6051287651062012,199998.34,314195.03125,10.570571899414062,246309536.0
MLP-99k,99034.0,last_layer,kron,0.1000000014901161,0.4807,0.62442,1.5417933,1.5436994,1.065211,1.0664779,1.0793790625,1.0805037578201293,0.0140258630371093,170,1.5926476544816621,9877.796498103211,2.2679855823516846,199999.58,308651.0625,14.001627922058105,493879232.0
MLP-199k,199082.0,last_layer,kron,0.1000000014901161,0.5051,0.73678,1.5817912,1.5865257,0.77135694,0.77356154,0.796640234375,0.7983046061134338,0.0247430688476562,330,1.6862508454655798,19857.3860070992,3.396881580352783,199999.9,317392.625,19.56159210205078,992848192.0
MLP-402k,402250.0,last_layer,kron,0.1000000014901161,0.5178,0.87002,1.7995471,1.8139958,0.43797547,0.44111213,0.4817341015625,0.4844031074428558,0.0432909765625,650,2.014946963041319,40123.01690762492,5.873163223266602,199999.95,362866.28124999994,27.132633209228516,2006108544.0
MLP-820k,820874.0,last_layer,kron,0.1000000014901161,0.5238,0.96516,2.0628757,2.1151407,0.1936412,0.19713081,0.26853744140625,0.2708318884134292,0.07370107421875,1290,2.5285082571228554,81880.97687692197,9.160484313964844,199999.9,423820.4375,37.71913146972656,4093963264.0
MLP-1707k,1707274.0,last_layer,kron,0.1000000014901161,0.5463,0.99572,2.045574,2.2442517,0.083696805,0.08849413,0.19696583984375,0.1998616587758064,0.111367529296875,2570,3.093823123344457,170306.10464593244,11.388917922973633,199999.95,448458.375,54.152706146240234,8515129344.0
MLP-3676k,3676682.0,last_layer,kron,0.1000000014901161,0.5599,0.99942,1.7949173,2.362912,0.08200231,0.10320436,0.23080083984375,0.2583077214694023,0.155103359375,5130,4.197486836963889,366796.7956355823,12.624611854553223,199999.95,472700.375,81.464599609375,18339465216.0
MLP-8401k,8401930.0,last_layer,kron,0.1000000014901161,0.5653,0.99982,1.4957505,2.6958365,0.14642921,0.26606897,0.3040127734375,0.4662060941028595,0.20013712890625,10250,6.882387366260549,838342.338140202,15.509843826293945,199999.95,538134.8125,136.6219940185547,41916268544.0
