model,parameters,subset,hessian,prior precision,BMA test accuracy (%),BMA train accuracy (%),bayes loss,gibbs loss,bayes loss train,gibbs loss train,neg log marginal laplace,neg log marginal,normalized KL,last layer params,inverse rate,s value,variance,lambda,expected cumulant,expected norm,expanded kl
MLP-49k,49394.0,last_layer,kron,3.425361394882202,0.4482,0.5329,1.5703083,1.5711474,1.3068695,1.3075607,1.3131209375,1.3135947997283937,0.0060341174316406,90,1.5716950880039224,141.48040003564353,1.6051275730133057,199969.3,314149.28125,5.121115684509277,7073563.0
MLP-99k,99034.0,last_layer,kron,4.512845993041992,0.4807,0.62442,1.5417957,1.5436944,1.0652092,1.0664707,1.0750496875,1.0761773181533814,0.0097065759277343,170,1.5443228878586515,214.0382236506119,2.2679648399353027,199969.5,308603.4375,6.1458024978637695,10701198.0
MLP-199k,199082.0,last_layer,kron,5.405592918395996,0.5051,0.7368,1.5818164,1.5864975,0.7713511,0.77353436,0.7877265625,0.7893934444618225,0.0158590869140625,330,1.5887224170699055,357.3956833107914,3.396756887435913,199987.83,317367.75,7.8393449783325195,17868620.0
MLP-402k,402250.0,last_layer,kron,6.925905704498291,0.5178,0.87002,1.7998685,1.8137752,0.4378916,0.44092974,0.4627243359375,0.4654015863704681,0.024471845703125,650,1.8169044556345584,559.0803697633095,5.871922016143799,199994.19,362811.25,9.695271492004395,27952222.0
MLP-820k,820874.0,last_layer,kron,9.260180473327637,0.5239,0.96516,2.067096,2.1130974,0.19283788,0.1959551,0.22750765625,0.2298485888862609,0.0338934912109375,1290,2.121327066775773,843.092471650855,9.146241188049316,199984.73,423389.93749999994,11.758491516113281,42152072.0
MLP-1707k,1707274.0,last_layer,kron,12.032414436340332,0.5461,0.99572,2.0935645,2.2208421,0.07685264,0.07939898,0.11285408203125,0.1144634280276298,0.0350644458007812,2570,2.2252522210035433,1330.6658740734933,11.204545021057129,199988.36,443693.875,14.580474853515625,66530196.0
MLP-3676k,3676682.0,last_layer,kron,13.458763122558594,0.5602,0.99942,1.9943664,2.2227678,0.04830708,0.05095621,0.079765029296875,0.0828945432198047,0.0319383349609375,5130,2.236120198314839,2542.152497695126,11.488128662109375,199998.62,444678.8125,19.59418487548828,127103472.0
MLP-8401k,8401930.0,last_layer,kron,13.580711364746094,0.5652,0.99982,1.891974,2.2074442,0.039732575,0.042895015,0.0663103271484375,0.0720226813447475,0.029127666015625,10250,2.23553978477586,5748.7197383709945,11.482807159423828,199999.66,441358.46875,27.501407623291016,287428768.0
