model,parameters,subset,hessian,prior precision,BMA test accuracy (%),BMA train accuracy (%),bayes loss,gibbs loss,bayes loss train,gibbs loss train,neg log marginal laplace,neg log marginal,normalized KL,last layer params,inverse rate,s value,variance,lambda,expected cumulant
MLP-49k,49394.0,last_layer,kron,10.0,0.4468,0.532,1.5699596,1.5707992,1.3063033,1.3069915,1.3138,7.849453957939148,6.5424625,90,1.5683196682810372,6.542869667604512,1.6014094352722168,466.80798,725.5612720067729
MLP-99k,99034.0,last_layer,kron,10.0,0.4808,0.62504,1.540978,1.5428653,1.0639153,1.0651684,1.07570015625,11.254192130737303,10.18902375,170,1.542859382778066,10.189503850288165,2.262139320373535,99999.92,154275.628238067
MLP-199k,199082.0,last_layer,kron,10.0,0.5042,0.73758,1.5818515,1.5864989,0.76941264,0.771574,0.788441875,15.869499020385742,15.097925,330,1.5866376940934717,15.098503280276764,3.3943991661071777,100000.0,158648.6709060669
MLP-402k,402250.0,last_layer,kron,10.0,0.5187,0.87158,1.7984523,1.8121743,0.43466455,0.43761933,0.4631737890625,20.87734682849884,20.4397275,650,1.8124062424001868,20.44041261846353,5.867583274841309,100000.0,181220.18382740024
MLP-820k,820874.0,last_layer,kron,10.0,0.5231,0.9667,2.0661595,2.1118824,0.18938175,0.19234419,0.2275333203125,24.659869188690184,24.467525,1290,2.112245126899375,24.46829067602468,9.109689712524414,100000.0,211200.0443992615
MLP-1707k,1707274.0,last_layer,kron,10.0,0.5459,0.9963,2.0849855,2.2180307,0.074640565,0.077116996,0.113183046875,22.20605449604988,22.1289375,2570,2.217723670223644,22.129656403339226,11.179295539855957,100000.0,221750.23736596107
MLP-3676k,3676682.0,last_layer,kron,10.0,0.5605,0.9996,1.9741924,2.228744,0.047834598,0.0507544,0.08070802734375,20.26099190183282,20.2102375,5130,2.2283392601211807,20.210918028571733,11.53207778930664,100000.0,222813.71509408948
MLP-8401k,8401930.0,last_layer,kron,10.0,0.5643,0.99988,1.862606,2.2206764,0.040252816,0.044019766,0.06743,22.564322266151905,22.5203025,10250,2.220738408927886,22.521029230795776,11.585740089416504,100000.0,222051.31986355782
