model,parameters,subset,hessian,prior precision,BMA test accuracy (%),BMA train accuracy (%),bayes loss,gibbs loss,bayes loss train,gibbs loss train,neg log marginal laplace,neg log marginal,normalized KL,last layer params,inverse rate,s value,variance,lambda,expected cumulant
MLP-49k,49394.0,last_layer,kron,3.425361394882202,0.4472,0.53188,1.5699606,1.5708003,1.3062975,1.3069894,1.3131209375,1.3130209084320068,0.0060314770507812,90,0.1380353150648712,0.0063079134202088894,1.6014654636383057,0.0936171,0.006614551996605658
MLP-99k,99034.0,last_layer,kron,4.512845993041992,0.481,0.62494,1.5409807,1.5428721,1.0638962,1.065156,1.0750496875,1.0748641207885743,0.0097081378173828,170,0.20335089713278642,0.009984647721496516,2.262284278869629,0.10506311,0.01138003007253729
MLP-199k,199082.0,last_layer,kron,5.405592918395996,0.5045,0.7374,1.5818769,1.5865567,0.7694269,0.7716062,0.7877265625,0.7874616414642334,0.0158554345703125,330,0.310641313225243,0.01613206742282024,3.3946614265441895,0.11145733,0.018491184859163585
MLP-402k,402250.0,last_layer,kron,6.925905704498291,0.519,0.87152,1.7982912,1.8121927,0.4346531,0.43764716,0.4627243359375,0.4621204988288879,0.0244733349609375,650,0.49635265874736567,0.024750140174900282,5.868218421936035,0.10721807,0.028467834837904608
MLP-820k,820874.0,last_layer,kron,9.260180473327637,0.524,0.96664,2.0659215,2.1120827,0.18941312,0.19238867,0.22750765625,0.2262818864297867,0.0338932177734375,1290,0.7132141806931227,0.03417021138882456,9.111072540283203,0.10732405,0.042374822199484186
MLP-1707k,1707274.0,last_layer,kron,12.032414436340332,0.5467,0.99634,2.088911,2.2155914,0.07402875,0.07634348,0.11285408203125,0.1114125636863708,0.0350690869140625,2570,0.799474043765358,0.03534610404730273,11.164140701293945,0.09870422,0.04356535694495279
MLP-3676k,3676682.0,last_layer,kron,13.458763122558594,0.5605,0.99958,1.9930642,2.218197,0.045474898,0.047743347,0.079765029296875,0.0796616546475887,0.0319183081054687,5130,0.7783590182609605,0.032195262221872425,11.45208740234375,0.0936171,0.04067244913602153
MLP-8401k,8401930.0,last_layer,kron,13.580711364746094,0.5651,0.99988,1.8919424,2.2003756,0.036492456,0.039075926,0.0663103271484375,0.0682168048524856,0.02914087890625,10250,0.7463702968122667,0.029417777472958744,11.434619903564453,0.085703805,0.03454899696925652
