model,parameters,subset,hessian,prior precision,BMA test accuracy (%),BMA train accuracy (%),bayes loss,gibbs loss,bayes loss train,gibbs loss train,neg log marginal laplace,neg log marginal,normalized KL,last layer params,inverse rate,s value,variance,lambda,expected cumulant
MLP-49k,49394.0,last_layer,kron,1.0,0.4472,0.53188,1.569961,1.5708013,1.3062975,1.3069897,1.3135475,1.3134466430664062,0.0064569732666015,90,0.14248498203080073,0.006733418146123708,1.6014673709869385,0.09870422,0.007330450705140379
MLP-99k,99034.0,last_layer,kron,1.0,0.481,0.62494,1.5409788,1.5428776,1.0638962,1.0651604,1.076159609375,1.0759739227676393,0.0108135290527343,170,0.21377628169994423,0.01109006106511489,2.262298822402954,0.10721807,0.011830619659249924
MLP-199k,199082.0,last_layer,kron,1.0,0.5045,0.73742,1.5818564,1.586581,0.76943177,0.771629,0.790299765625,0.7900350915908814,0.0184061157226562,330,0.332661490981232,0.01868279958980728,3.394758462905884,0.12163157,0.021779339890136036
MLP-402k,402250.0,last_layer,kron,1.0,0.519,0.87154,1.7980129,1.8123802,0.43472514,0.43780285,0.469027421875,0.4684127095985412,0.0306098583984375,650,0.5488499430364489,0.03088678634532369,5.869270324707031,0.12445775,0.03742184086565105
MLP-820k,820874.0,last_layer,kron,1.0,0.524,0.96664,2.0622087,2.113845,0.19011265,0.193397,0.242957890625,0.2416725668382644,0.04827556640625,1290,0.8333534275581871,0.04855284767436278,9.12387466430664,0.13307759,0.062347819464719116
MLP-1707k,1707274.0,last_layer,kron,1.0,0.5467,0.99632,2.0489488,2.2349088,0.07961166,0.08360504,0.146352783203125,0.1456339840197563,0.0620289404296875,2570,1.029539186938069,0.062306496770782205,11.31230354309082,0.14155611,0.08343106970001912
MLP-3676k,3676682.0,last_layer,kron,1.0,0.5604,0.99958,1.8436953,2.315269,0.06814824,0.08035115,0.1352544140625,0.1474073624634742,0.0670562109375,5130,1.1104446511035042,0.0673338678260158,12.225418090820312,0.14607799,0.09487765540410464
MLP-8401k,8401930.0,last_layer,kron,1.0,0.5648,0.99988,1.618078,2.4508016,0.08986118,0.1295557,0.140062138671875,0.1943286953735351,0.0647729931640625,10250,1.150580553282517,0.06505060438730953,13.443765640258789,0.13307759,0.08806588465164111
