model,parameters,subset,hessian,prior precision,BMA test accuracy (%),BMA train accuracy (%),bayes loss,gibbs loss,bayes loss train,gibbs loss train,neg log marginal laplace,neg log marginal,normalized KL,last layer params,inverse rate,s value,variance,lambda,expected cumulant
MLP-49k,49394.0,last_layer,kron,100.0,0.4472,0.53188,1.5699645,1.5707798,1.3062977,1.3069701,1.333110625,1.3330138157653808,0.0260436962890625,90,1.5703560548225235,0.02632053291088,1.6014111042022705,50000.0,78517.77642059326
MLP-99k,99034.0,last_layer,kron,100.0,0.4809,0.62492,1.5410235,1.5427729,1.0638889,1.0650578,1.10279796875,1.1026154669189454,0.0375577124023437,170,1.5425852472809134,0.03783477930908916,2.261962413787842,50000.0,77129.22452926636
MLP-199k,199082.0,last_layer,kron,100.0,0.5045,0.73744,1.582161,1.586182,0.76935357,0.77125067,0.831326640625,0.8310727647972107,0.059822099609375,330,1.5860775448038207,0.06009961181277054,3.3931360244750977,50000.0,79303.81714057922
MLP-402k,402250.0,last_layer,kron,100.0,0.5189,0.8715,1.800405,1.8107113,0.43410558,0.43640757,0.52505875,0.5245640113830566,0.0881564453125,650,1.8107776420082027,0.08843452421414358,5.859981060028076,50000.0,90538.79366588593
MLP-820k,820874.0,last_layer,kron,100.0,0.524,0.96664,2.078552,2.1059372,0.18695271,0.18880185,0.30753626953125,0.3066459857082367,0.117844130859375,1290,2.1059204203126303,0.11812280352660483,9.06808853149414,50000.0,105295.90289282799
MLP-1707k,1707274.0,last_layer,kron,100.0,0.547,0.99636,2.1373034,2.1933517,0.06760244,0.068466,0.1995808984375,0.1984875236964225,0.1300215234375,2570,2.193270180280949,0.13030043965745244,11.000704765319824,50000.0,109663.37871360779
MLP-3676k,3676682.0,last_layer,kron,100.0,0.561,0.99958,2.0875933,2.170421,0.03556918,0.036013376,0.16904958984375,0.168088258780241,0.1320748828125,5130,2.170141675611691,0.13235384010046128,11.088632583618164,50000.0,108506.95142674445
MLP-8401k,8401930.0,last_layer,kron,100.0,0.5648,0.99988,2.024745,2.1271834,0.024220377,0.024512297,0.157432119140625,0.1566716227144003,0.132159326171875,10250,2.1272913039037187,0.13243828514873726,10.87889289855957,50000.0,106364.43275690079
