model,parameters,subset,hessian,prior precision,BMA test accuracy (%),BMA train accuracy (%),bayes loss,gibbs loss,bayes loss train,gibbs loss train,neg log marginal laplace,neg log marginal,normalized KL,last layer params,inverse rate,s value,variance,lambda,expected cumulant
MLP-49k,49394.0,last_layer,kron,10.0,0.4472,0.53188,1.569961,1.5707992,1.3062983,1.3069879,1.3138,1.313700655708313,0.0067127740478515,90,0.14507650333082767,0.006989224043491655,1.6014611721038818,0.09870422,0.00733043889336215
MLP-99k,99034.0,last_layer,kron,10.0,0.481,0.62494,1.5409838,1.542864,1.0638952,1.0651486,1.07570015625,1.0755142462921143,0.010365654296875,170,0.20959856353881356,0.010642177351581315,2.262261390686035,0.10732405,0.0118527891261575
MLP-199k,199082.0,last_layer,kron,10.0,0.5045,0.73742,1.5818964,1.586532,0.7694215,0.7715835,0.788441875,0.7881776869773864,0.016594189453125,330,0.31724429870401716,0.016870837081025908,3.394561767578125,0.11597921,0.019922905914459214
MLP-402k,402250.0,last_layer,kron,10.0,0.519,0.87152,1.7984188,1.8121066,0.43462035,0.43757504,0.4631737890625,0.4625755158805847,0.0250004736328125,650,0.501088417311806,0.02527728938975958,5.867731094360352,0.11173995,0.030714304500447667
MLP-820k,820874.0,last_layer,kron,10.0,0.524,0.96664,2.0661817,2.1119583,0.18936369,0.19231687,0.2275333203125,0.2263122899007797,0.0339954150390625,1290,0.7141299391943345,0.03427241069843575,9.110177993774414,0.10732405,0.042370905800016366
MLP-1707k,1707274.0,last_layer,kron,10.0,0.5468,0.99632,2.0845742,2.2176383,0.074622214,0.07709427,0.113183046875,0.1117688030290603,0.03467453125,2570,0.7960561848029657,0.03495154049196912,11.179527282714844,0.09870422,0.043622563401214634
MLP-3676k,3676682.0,last_layer,kron,10.0,0.5605,0.99958,1.9743732,2.2286394,0.047797196,0.05070043,0.08070802734375,0.0812517188894748,0.0305512890625,5130,0.7661606228014943,0.030828215837976045,11.532934188842773,0.08909522,0.037433033382683334
MLP-8401k,8401930.0,last_layer,kron,10.0,0.5651,0.99988,1.8616599,2.220058,0.040253434,0.04402807,0.06743,0.071148731445074,0.0271206616210937,10250,0.7278559540319702,0.02739751978264864,11.586384773254395,0.081464544,0.03189693356558719
