model,parameters,subset,hessian,prior precision,BMA test accuracy (%),BMA train accuracy (%),bayes loss,gibbs loss,bayes loss train,gibbs loss train,neg log marginal laplace,neg log marginal,normalized KL,last layer params,inverse rate,s value,variance,lambda,expected cumulant
MLP-49k,49394.0,last_layer,kron,3.425361394882202,0.4472,0.53188,1.5699606,1.5708003,1.3062975,1.3069894,1.3131209375,1.3130209084320068,0.0060314770507812,90,1.5703761474671674,0.0063079134202088894,1.6014654636383057,50000.0,78518.80106544495
MLP-99k,99034.0,last_layer,kron,4.512845993041992,0.481,0.62494,1.5409807,1.5428721,1.0638962,1.065156,1.0750496875,1.0748641207885743,0.0097081378173828,170,1.5426887874538797,0.009984647721496516,2.262284278869629,50000.0,77134.42938804626
MLP-199k,199082.0,last_layer,kron,5.405592918395996,0.5045,0.7374,1.5818769,1.5865567,0.7694269,0.7716062,0.7877265625,0.7874616414642334,0.0158554345703125,330,1.5864514048709628,0.01613206742282024,3.3946614265441895,50000.0,79322.55411148071
MLP-402k,402250.0,last_layer,kron,6.925905704498291,0.519,0.87152,1.7982912,1.8121927,0.4346531,0.43764716,0.4627243359375,0.4621204988288879,0.0244733349609375,650,1.8122684172230337,0.024750140174900282,5.868218421936035,50000.0,90613.3961110115
MLP-820k,820874.0,last_layer,kron,9.260180473327637,0.524,0.96664,2.0659215,2.1120827,0.18941312,0.19238867,0.22750765625,0.2262818864297867,0.0338932177734375,1290,2.1121491834271158,0.03417021138882456,9.111072540283203,50000.0,105607.4250011444
MLP-1707k,1707274.0,last_layer,kron,12.032414436340332,0.5467,0.99634,2.088911,2.2155914,0.07402875,0.07634348,0.11285408203125,0.1114125636863708,0.0350690869140625,2570,2.215466386200455,0.03534610404730273,11.164140701293945,50000.0,110773.2839639187
MLP-3676k,3676682.0,last_layer,kron,13.458763122558594,0.5605,0.99958,1.9930642,2.218197,0.045474898,0.047743347,0.079765029296875,0.0796616546475887,0.0319183081054687,5130,2.217745420778833,0.032195262221872425,11.45208740234375,50000.0,110887.23884367943
MLP-8401k,8401930.0,last_layer,kron,13.580711364746094,0.5651,0.99988,1.8919424,2.2003756,0.036492456,0.039075926,0.0663103271484375,0.0682168048524856,0.02914087890625,10250,2.2007797389369093,0.029417777472958744,11.434619903564453,50000.0,110038.95752906798
