model,parameters,subset,hessian,prior precision,BMA test accuracy (%),BMA train accuracy (%),bayes loss,gibbs loss,bayes loss train,gibbs loss train,neg log marginal laplace,neg log marginal,normalized KL,last layer params,inverse rate,s value,variance,lambda,expected cumulant,expected norm,expanded kl
MLP-49k,49394.0,last_layer,kron,100.0,0.4482,0.5329,1.570314,1.5711293,1.3068682,1.3075402,1.333110625,1.333585459060669,0.0260452807617187,90,1.5541326061462193,4.153466222797334,1.6050782203674316,69.245384,103.46304321289062,4.861273765563965,206353.078125
MLP-99k,99034.0,last_layer,kron,100.0,0.4807,0.62442,1.5418389,1.543596,1.0651999,1.066373,1.10279796875,1.103941005744934,0.0375680151367187,170,1.5431169950548815,7.939010605559989,2.2676284313201904,8958.469,13816.026367187502,5.845383644104004,395050.375
MLP-199k,199082.0,last_layer,kron,100.0,0.5052,0.73684,1.5821131,1.5861361,0.7712788,0.77317816,0.831326640625,0.8330267490577697,0.0598485888671875,330,1.586649756567485,15.428637221822783,3.3952813148498535,199751.7,316920.5625,7.449835300445557,768410.1875
MLP-402k,402250.0,last_layer,kron,100.0,0.5177,0.87004,1.80198,1.8122886,0.4373464,0.4396803,0.52505875,0.5278214311504364,0.088141123046875,650,1.8127647225877572,30.163873210722247,5.863807201385498,199832.6,362219.3125,9.159405708312988,1503742.625
MLP-820k,820874.0,last_layer,kron,100.0,0.5239,0.96514,2.0796282,2.1069162,0.19037,0.19230393,0.30753626953125,0.3101961523151397,0.1178922265625,1290,2.111326028718001,59.55802969736761,9.104419708251953,199975.1,422153.06250000006,10.833276748657227,2971933.5
MLP-1707k,1707274.0,last_layer,kron,100.0,0.5459,0.99574,2.1423264,2.1985917,0.07028214,0.071237154,0.1995808984375,0.2013065683674812,0.1300694140625,2570,2.196689812374868,120.5454166326063,11.038394927978516,199985.33,439185.18750000006,11.976226806640625,6020633.0
MLP-3676k,3676682.0,last_layer,kron,100.0,0.5604,0.99942,2.090591,2.1743124,0.037900325,0.03843471,0.16904958984375,0.1705847689473629,0.13215005859375,5130,2.1759694488484516,254.99576628413058,11.11404037475586,199975.56,434885.71874999994,13.170369148254395,12742912.0
MLP-8401k,8401930.0,last_layer,kron,100.0,0.5651,0.99982,2.0284185,2.1322756,0.026411308,0.02678471,0.157432119140625,0.158901624648571,0.1321169140625,10250,2.1356019509218003,576.3131994882634,10.924169540405273,199978.92,426499.0625,15.04007339477539,28808464.0
