model,parameters,subset,hessian,prior precision,BMA test accuracy (%),BMA train accuracy (%),bayes loss,gibbs loss,bayes loss train,gibbs loss train,neg log marginal laplace,neg log marginal,normalized KL,last layer params,inverse rate,s value,variance,lambda,expected cumulant
MLP-49k,49394.0,last_layer,kron,3.425361394882202,0.4468,0.532,1.5699584,1.5708001,1.3063029,1.3069919,1.3131209375,3.548631153526306,2.24163921875,90,1.4746891632808588,2.2419603681685225,1.6014138460159302,10.605055,13.397199103010282
MLP-99k,99034.0,last_layer,kron,4.512845993041992,0.4808,0.62504,1.540974,1.5428727,1.0639154,1.0651759,1.0750496875,5.657954328422546,4.5927784375,170,1.540267350346008,4.593146610643372,2.262162208557129,401.7124,614.151350948494
MLP-199k,199082.0,last_layer,kron,5.405592918395996,0.5042,0.73756,1.5818317,1.5865232,0.7694167,0.7715968,0.7877265625,8.909003664360046,8.137406875,330,1.5865923877185366,8.137845942130001,3.394498825073242,94782.36,150372.83202843554
MLP-402k,402250.0,last_layer,kron,6.925905704498291,0.5187,0.87158,1.7983261,1.8122612,0.434698,0.43769237,0.4627243359375,14.526437373991012,14.088745,650,1.8124304711826655,14.089303096273085,5.868077754974365,100000.0,181228.9578151703
MLP-820k,820874.0,last_layer,kron,9.260180473327637,0.5231,0.9667,2.0658953,2.1120067,0.18943156,0.1924162,0.22750765625,22.789913706002235,22.5974975,1290,2.112353265101337,22.598225774726654,9.110586166381836,100000.0,211212.72828435898
MLP-1707k,1707274.0,last_layer,kron,12.032414436340332,0.5459,0.9963,2.0892878,2.2159672,0.074046955,0.07636596,0.11285408203125,27.23542846262455,27.1590625,2570,2.2157297640269875,27.159882007851316,11.163908958435059,100000.0,221545.8165206909
MLP-3676k,3676682.0,last_layer,kron,13.458763122558594,0.5606,0.9996,1.9928349,2.218291,0.04550963,0.047791973,0.079765029296875,29.461981972756387,29.41419,5130,2.2180109543185624,29.415054611303386,11.451245307922363,100000.0,221771.68037724492
MLP-8401k,8401930.0,last_layer,kron,13.580711364746094,0.5642,0.99988,1.8927523,2.2009394,0.036492366,0.039071716,0.0663103271484375,35.4013767163682,35.362305,10250,2.201101640121287,35.36328857598268,11.433989524841309,100000.0,220074.80072355273
