model,parameters,subset,hessian,prior precision,BMA test accuracy (%),BMA train accuracy (%),bayes loss,gibbs loss,bayes loss train,gibbs loss train,neg log marginal laplace,neg log marginal,normalized KL,last layer params,inverse rate,s value,variance,lambda,expected cumulant
MLP-49k,49394.0,last_layer,kron,0.1000000014901161,0.4472,0.53188,1.5699605,1.570801,1.3062977,1.3069894,1.31520078125,1.3150990126800537,0.0081095812988281,90,0.15847133861608032,0.008386059231172008,1.6014680862426758,0.11173995,0.009321519967386392
MLP-99k,99034.0,last_layer,kron,0.1000000014901161,0.481,0.62494,1.5409787,1.542878,1.0638962,1.0651618,1.0793790625,1.079191301765442,0.0140294775390625,170,0.24124242844057098,0.014306073871699219,2.2623021602630615,0.12445775,0.015718415191102512
MLP-199k,199082.0,last_layer,kron,0.1000000014901161,0.5045,0.73742,1.581853,1.5865862,0.7694327,0.77163345,0.796640234375,0.7963759266853333,0.02474248046875,330,0.3807459785328986,0.0250192910657306,3.3947765827178955,0.14155611,0.028877630060659215
MLP-402k,402250.0,last_layer,kron,0.1000000014901161,0.519,0.87154,1.7979658,1.812411,0.43473718,0.43782893,0.4817341015625,0.481118029794693,0.0432891015625,650,0.6399100054619022,0.04356628309932128,5.86944055557251,0.15533373,0.05583332337645432
MLP-820k,820874.0,last_layer,kron,0.1000000014901161,0.524,0.96668,2.0616653,2.1141014,0.19021446,0.19354336,0.26853744140625,0.2672437356138229,0.0737003759765625,1290,0.997410412404943,0.07397816575103681,9.125760078430176,0.176795,0.10235901389341963
MLP-1707k,1707274.0,last_layer,kron,0.1000000014901161,0.5465,0.99632,2.0411015,2.238837,0.08073643,0.08513211,0.19696583984375,0.1965364235448837,0.11140431640625,2570,1.3074970763488367,0.11168286027461478,11.343705177307129,0.220954,0.17721384997490475
MLP-3676k,3676682.0,last_layer,kron,0.1000000014901161,0.5601,0.99958,1.7971743,2.3552587,0.07775269,0.09689988,0.23080083984375,0.2519841397714615,0.1550842578125,5130,1.5681336218096567,0.15536367529716522,12.561127662658691,0.27254054,0.2720163080037849
MLP-8401k,8401930.0,last_layer,kron,0.1000000014901161,0.5643,0.99988,1.5061103,2.6622245,0.13555847,0.2401853,0.3040127734375,0.4402786453199386,0.20009333984375,10250,1.913067964965951,0.20037365752805986,15.290292739868164,0.3001311,0.373797558773667
