model,parameters,subset,hessian,prior precision,BMA test accuracy (%),BMA train accuracy (%),bayes loss,gibbs loss,bayes loss train,gibbs loss train,neg log marginal laplace,neg log marginal,normalized KL,last layer params,inverse rate,s value,variance,lambda,expected cumulant
MLP-49k,49394.0,last_layer,kron,100.0,0.4468,0.53202,1.5699643,1.5707808,1.3063024,1.3069727,1.333110625,67.83120274208069,66.52423,90,1.5711033497607865,66.5258368269477,1.601359486579895,100000.0,157043.8091392517
MLP-99k,99034.0,last_layer,kron,100.0,0.4808,0.625,1.5410177,1.5427743,1.0639077,1.0650784,1.10279796875,106.42626837772367,105.36119,170,1.5437150277379226,105.36357358168279,2.261840581893921,100000.0,154266.13920021057
MLP-199k,199082.0,last_layer,kron,100.0,0.5042,0.73754,1.5821193,1.5861509,0.7693438,0.77124023,0.831326640625,162.107640234375,161.3364,330,1.5877496172451178,161.33990310827332,3.3929734230041504,100000.0,158613.6218214035
MLP-402k,402250.0,last_layer,kron,100.0,0.5187,0.87154,1.8004426,1.8107721,0.43414658,0.43644834,0.52505875,234.1371483356476,233.7007,650,1.8131334039697473,233.70565042321962,5.859833717346191,100000.0,181079.6347465515
MLP-820k,820874.0,last_layer,kron,100.0,0.5231,0.96672,2.0785136,2.1058686,0.18697149,0.18882631,0.30753626953125,320.5678663076544,320.37904,1290,2.1091005069346895,320.3857240246916,9.067602157592773,100000.0,210589.66496944425
MLP-1707k,1707274.0,last_layer,kron,100.0,0.5463,0.99626,2.1374335,2.19354,0.06761557,0.068481036,0.1995808984375,404.29160103553056,404.22312,2570,2.197303151644306,404.2314809398299,11.000484466552734,100000.0,219326.08368349075
MLP-3676k,3676682.0,last_layer,kron,100.0,0.5604,0.9996,2.0873804,2.1704316,0.035588525,0.036036033,0.16904958984375,597.7851560331833,597.74912,5130,2.1760904597563697,597.7613515372418,11.087808609008789,100000.0,217011.28462409973
MLP-8401k,8401930.0,last_layer,kron,100.0,0.5644,0.99988,2.025105,2.1274846,0.024224035,0.024517307,0.157432119140625,1039.468277307058,1039.44376,10250,2.137656588353876,1039.4648256067235,10.87830638885498,100000.0,212726.19400978088
