model,parameters,subset,hessian,prior precision,BMA test accuracy (%),BMA train accuracy (%),bayes loss,gibbs loss,bayes loss train,gibbs loss train,neg log marginal laplace,neg log marginal,normalized KL,last layer params,inverse rate,s value,variance,lambda,expected cumulant,expected norm,expanded kl
MLP-49k,49394.0,last_layer,kron,1.0,0.4482,0.5329,1.5703079,1.5711472,1.3068697,1.3075609,1.3135475,1.3140203067016605,0.0064593859863281,90,1.5734380281569178,489.9826553493044,1.6051287651062012,199995.45,314190.46875,5.711432456970215,24498306.0
MLP-99k,99034.0,last_layer,kron,1.0,0.4807,0.62442,1.5417938,1.5436989,1.0652109,1.0664762,1.076159609375,1.0772868398666382,0.0108106140136718,170,1.5481684155923834,982.1324895740163,2.26798152923584,199991.81,308638.875,7.124298572540283,49105088.0
MLP-199k,199082.0,last_layer,kron,1.0,0.5051,0.73678,1.5817952,1.5865215,0.7713555,0.7735572,0.790299765625,0.7919646995544434,0.0184075134277343,330,1.596828800979963,1973.9183221900826,3.3968594074249268,199997.44,317387.75,9.398120880126953,98693008.0
MLP-402k,402250.0,last_layer,kron,1.0,0.5178,0.87002,1.7995921,1.8139652,0.43796304,0.44108617,0.469027421875,0.4716972570419311,0.030611083984375,650,1.8342372929841613,3987.5311180165563,5.872983932495117,199999.56,362859.125,12.253889083862305,199371024.0
MLP-820k,820874.0,last_layer,kron,1.0,0.5238,0.96516,2.0634146,2.1148782,0.19353929,0.19698195,0.242957890625,0.2452561312818527,0.0482741796875,1290,2.159529339954622,8135.788226254424,9.158648490905762,199999.5,423769.0,16.048175811767578,406778848.0
MLP-1707k,1707274.0,last_layer,kron,1.0,0.5463,0.99572,2.0534153,2.240289,0.08255012,0.086914316,0.146352783203125,0.1489106146478652,0.061996298828125,2570,2.3228681793824486,16918.878730183642,11.356494903564453,199999.69,447654.03125,23.01158905029297,845923904.0
MLP-3676k,3676682.0,last_layer,kron,1.0,0.5599,0.99942,1.8422619,2.3218791,0.07198913,0.08563039,0.1352544140625,0.1527002064037323,0.0670698193359375,5130,2.5048579371506032,36434.938764904844,12.282060623168945,199999.95,464536.53125,39.1617431640625,1821707136.0
MLP-8401k,8401930.0,last_layer,kron,1.0,0.5652,0.99982,1.6099129,2.4698453,0.097167686,0.14294109,0.140062138671875,0.2077280406093597,0.064786953125,10250,2.882460445200876,83269.07892484183,13.552811622619629,199999.95,493222.875,69.57817077636719,4163367424.0
