model,parameters,subset,hessian,prior precision,BMA test accuracy (%),BMA train accuracy (%),bayes loss,gibbs loss,bayes loss train,gibbs loss train,neg log marginal laplace,neg log marginal,normalized KL,last layer params,inverse rate,s value,variance,lambda,expected cumulant
MLP-49k,49394.0,last_layer,kron,0.0099999997764825,0.4472,0.53188,1.569961,1.5707986,1.3062977,1.3069876,1.3170446875,1.3169415885543825,0.0099539453125,90,1.5703746424754137,0.010230460132861942,1.60146164894104,50000.0,78518.72189331055
MLP-99k,99034.0,last_layer,kron,0.0099999997764825,0.481,0.62494,1.5409783,1.542877,1.0638969,1.0651609,1.082891875,1.082688968696594,0.0175280981445312,170,1.542694637635206,0.017804764450979504,2.262298583984375,50000.0,77134.71407699585
MLP-199k,199082.0,last_layer,kron,0.0099999997764825,0.5045,0.73742,1.5818548,1.586583,0.76943207,0.7716312,0.803429140625,0.8031636812400818,0.0315325,330,1.5864774904751218,0.03180944640008729,3.3947672843933105,50000.0,79323.84271430969
MLP-402k,402250.0,last_layer,kron,0.0099999997764825,0.519,0.87152,1.797964,1.8124119,0.4347378,0.4378293,0.4951278515625,0.4945168981647491,0.0566876123046875,650,1.8124823340167362,0.05696506181708313,5.869445323944092,50000.0,90624.059735775
MLP-820k,820874.0,last_layer,kron,0.0099999997764825,0.524,0.96668,2.0616136,2.1141257,0.19022411,0.19355771,0.29515640625,0.2938712934398651,0.100313583984375,1290,2.114228715858621,0.10059190603365496,9.12594223022461,50000.0,105711.33520102501
MLP-1707k,1707274.0,last_layer,kron,0.0099999997764825,0.5465,0.99632,2.0398808,2.2394152,0.080905244,0.08538216,0.2498458203125,0.2495114213371277,0.1641292578125,2570,2.239242949174515,0.1644088562007833,11.349206924438477,50000.0,111961.98304986954
MLP-3676k,3676682.0,last_layer,kron,0.0099999997764825,0.5601,0.99958,1.7902884,2.3619132,0.07934231,0.09981976,0.335744921875,0.3587021007943153,0.25888234375,5130,2.361646402096363,0.2591638372379041,12.61832046508789,50000.0,118082.0609409809
MLP-8401k,8401930.0,last_layer,kron,0.0099999997764825,0.5643,0.99988,1.4869372,2.7215476,0.14770475,0.2751625,0.50798359375,0.6719932694721222,0.39683078125,10250,2.724415190301774,0.39711503376183455,15.840228080749512,50000.0,136220.36240005493
