model,parameters,subset,hessian,prior precision,BMA test accuracy (%),BMA train accuracy (%),bayes loss,gibbs loss,bayes loss train,gibbs loss train,neg log marginal laplace,neg log marginal,normalized KL,last layer params,inverse rate,s value,variance,lambda,expected cumulant
MLP-49k,49394.0,last_layer,kron,100.0,0.4472,0.53188,1.5699645,1.5707798,1.3062977,1.3069701,1.333110625,1.3330138157653808,0.0260436962890625,90,0.27347762998102,0.02632053291088,1.6014111042022705,0.20611659,0.030047742780762814
MLP-99k,99034.0,last_layer,kron,100.0,0.4809,0.62492,1.5410235,1.5427729,1.0638889,1.0650578,1.10279796875,1.1026154669189454,0.0375577124023437,170,0.37938043803557475,0.03783477930908916,2.261962413787842,0.21643212,0.04427533484176039
MLP-199k,199082.0,last_layer,kron,100.0,0.5045,0.73744,1.582161,1.586182,0.76935357,0.77125067,0.831326640625,0.8310727647972107,0.059822099609375,330,0.563716367382302,0.06009961181277054,3.3931360244750977,0.24689302,0.07907802369914665
MLP-402k,402250.0,last_layer,kron,100.0,0.5189,0.8715,1.800405,1.8107113,0.43410558,0.43640757,0.52505875,0.5245640113830566,0.0881564453125,650,0.8651458419644145,0.08843452421414358,5.859981060028076,0.2502844,0.1280979868365364
MLP-820k,820874.0,last_layer,kron,100.0,0.524,0.96664,2.078552,2.1059372,0.18695271,0.18880185,0.30753626953125,0.3066459857082367,0.117844130859375,1290,1.2010978726502322,0.11812280352660483,9.06808853149414,0.25190946,0.18444511850215406
MLP-1707k,1707274.0,last_layer,kron,100.0,0.547,0.99636,2.1373034,2.1933517,0.06760244,0.068466,0.1995808984375,0.1984875236964225,0.1300215234375,2570,1.3635464445263907,0.13030043965745244,11.000704765319824,0.25190946,0.21318981513729088
MLP-3676k,3676682.0,last_layer,kron,100.0,0.561,0.99958,2.0875933,2.170421,0.03556918,0.036013376,0.16904958984375,0.168088258780241,0.1320748828125,5130,1.3793723065558914,0.13235384010046128,11.088632583618164,0.25530088,0.21980112289148226
MLP-8401k,8401930.0,last_layer,kron,100.0,0.5648,0.99988,2.024745,2.1271834,0.024220377,0.024512297,0.157432119140625,0.1566716227144003,0.132159326171875,10250,1.361643955041792,0.13243828514873726,10.87889289855957,0.25954014,0.22096297842918486
