model,parameters,subset,hessian,prior precision,BMA test accuracy (%),BMA train accuracy (%),bayes loss,gibbs loss,bayes loss train,gibbs loss train,neg log marginal laplace,neg log marginal,normalized KL,last layer params,inverse rate,s value,variance,lambda,expected cumulant,expected norm,expanded kl
MLP-49k,49394.0,last_layer,kron,10.0,0.4482,0.5329,1.5703086,1.5711465,1.3068695,1.3075594,1.3138,1.3142750942611694,0.0067157232666015,90,1.5712231227946107,47.373334500167765,1.6051241159439087,199897.31,314035.90625,4.946516513824463,2368269.75
MLP-99k,99034.0,last_layer,kron,10.0,0.4807,0.62442,1.5417998,1.543687,1.0652087,1.0664634,1.07570015625,1.0768289152145385,0.0103655639648437,170,1.5437184846636258,94.61471416845937,2.267940044403076,199953.27,308576.9375,5.976589202880859,4730109.0
MLP-199k,199082.0,last_layer,kron,10.0,0.5051,0.7368,1.5818361,1.5864747,0.7713464,0.77351147,0.788441875,0.7901111373329163,0.01659966796875,330,1.587860087645606,189.68924976317518,3.3966569900512695,199993.06,317371.3125,7.6569743156433105,9483429.0
MLP-402k,402250.0,last_layer,kron,10.0,0.5178,0.87,1.7999963,1.8136871,0.43785897,0.4408567,0.4631737890625,0.4658545369720459,0.024997841796875,650,1.8159327546277007,382.30060016401126,5.871435165405273,199986.25,362779.28125,9.538797378540039,19113384.0
MLP-820k,820874.0,last_layer,kron,10.0,0.5239,0.96516,2.0673542,2.1129735,0.19278815,0.19588237,0.2275333203125,0.2298783831739425,0.0339960180664062,1290,2.1208795189370733,778.2425571794212,9.145373344421387,199997.89,423393.1875,11.704818725585938,38909636.0
MLP-1707k,1707274.0,last_layer,kron,10.0,0.5461,0.99572,2.0892024,2.2228982,0.07745869,0.080176264,0.113183046875,0.1148429071140289,0.0346666430664062,2570,2.228754771920625,1615.461332179921,11.220254898071289,199998.94,444133.12499999994,14.941278457641602,80769704.0
MLP-3676k,3676682.0,last_layer,kron,10.0,0.5602,0.9994,1.9753267,2.2333922,0.05073884,0.05410709,0.08070802734375,0.0846752013885974,0.0305681127929687,5130,2.251453928466742,3474.814580714619,11.571306228637695,199998.38,446812.3125,21.19652557373047,173735712.0
MLP-8401k,8401930.0,last_layer,kron,10.0,0.5653,0.99982,1.8607394,2.227811,0.043797422,0.048371058,0.06743,0.0754794148910045,0.0271083569335937,10250,2.2665621550653436,7935.641457496295,11.636775016784668,199999.73,445376.1875,30.81466293334961,396772768.0
