model,parameters,subset,hessian,prior precision,bma test acc. (%),bma train acc. (%),bayes loss,gibbs loss,bayes loss train,gibbs loss train,neg log marginal laplace,neg log marginal,normalized KL,last layer params
MLP-49k,49394.0,last_layer,kron,3.425361394882202,0.4468,0.53214,1.5699787,1.5708185,1.3062838,1.3069719,1.3131209375,3.5486111263656617,2.24163921875,90
MLP-99k,99034.0,last_layer,kron,4.512845993041992,0.4808,0.62486,1.5409671,1.5428597,1.0639042,1.0651622,1.0750496875,5.657940619354248,4.5927784375,170
MLP-199k,199082.0,last_layer,kron,5.405592918395996,0.5046,0.73756,1.5818229,1.5865108,0.7694323,0.77160996,0.7877265625,8.909016836986542,8.137406875,330
MLP-402k,402250.0,last_layer,kron,6.925905704498291,0.5187,0.87174,1.7982439,1.812155,0.434667,0.43766433,0.4627243359375,14.526409330005645,14.088745,650
MLP-820k,820874.0,last_layer,kron,9.260180473327637,0.5238,0.96662,2.066104,2.112211,0.18942724,0.19240679,0.22750765625,22.78990428846836,22.5974975,1290
MLP-1707k,1707274.0,last_layer,kron,12.032414436340332,0.5456,0.9963,2.0889442,2.2155333,0.07404416,0.07636056,0.11285408203125,27.235423060953618,27.1590625,2570
MLP-3676k,3676682.0,last_layer,kron,13.458763122558594,0.5616,0.9996,1.99173,2.2174969,0.04551383,0.047793202,0.079765029296875,29.461983202102186,29.41419,5130
MLP-8401k,8401930.0,last_layer,kron,13.580711364746094,0.5652,0.99988,1.892503,2.2008076,0.036487967,0.039066225,0.0663103271484375,35.4013712252903,35.362305,10250
